unique,day,timepoint,Group,Height,Site,Input_D1,Input_D4,Population,Tag,Colour,Size,ID,heartrate,confidence,temperature,SD_hz
Group1_lower 1_38W_mSU_D1_T1,D1,T1,1,lower,lower 1,0,NA,mSU,38,W,6.1,Group1_lower 1_38W_mSU,93.50649351,Good,18.3,0.112120252
Group1_lower 1_39W_uRB_D1_T1,D1,T1,1,lower,lower 1,1,NA,uRB,39,W,6.6,Group1_lower 1_39W_uRB,53.33333333,Discard,21.3,0.364361243
Group1_lower 1_40W_mRB_D1_T1,D1,T1,1,lower,lower 1,2,NA,mRB,40,W,6.4,Group1_lower 1_40W_mRB,65.64102564,Good,24.8,0.307450801
Group1_lower 1_41W_mSU_D1_T1,D1,T1,1,lower,lower 1,3,NA,mSU,41,W,5.7,Group1_lower 1_41W_mSU,95.91836735,Good,22.3,0.28661636
Group1_lower 1_42W_uRB_D1_T1,D1,T1,1,lower,lower 1,4,NA,uRB,42,W,6.4,Group1_lower 1_42W_uRB,57.68240343,Discard,20.8,0.42310605
Group1_lower 1_43W_mRB_D1_T1,D1,T1,1,lower,lower 1,5,NA,mRB,43,W,6.4,Group1_lower 1_43W_mRB,81.99072121,Good,20.1,0.241954819
Group1_lower 2_12W_mRB_D1_T1,D1,T1,1,lower,lower 2,2,5,mRB,12,W,6.5,Group1_lower 2_12W_mRB,87.19898606,Good,21.5,0.332667968
Group1_lower 2_13W_mSU_D1_T1,D1,T1,1,lower,lower 2,3,4,mSU,13,W,6.5,Group1_lower 2_13W_mSU,82.09459459,Good,21.5,0.212830988
Group1_lower 2_14W_uRB_D1_T1,D1,T1,1,lower,lower 2,4,NA,uRB,14,W,6.3,Group1_lower 2_14W_uRB,74.13127413,Good,23.1,0.381540675
Group1_lower 2_16W_mSU_D1_T1,D1,T1,1,lower,lower 2,5,NA,mSU,16,W,4.3,Group1_lower 2_16W_mSU,98.7696224,Good,21.7,0.473684151
Group1_lower 2_8W_uRB_D1_T1,D1,T1,1,lower,lower 2,0,NA,uRB,8,W,NA,Group1_lower 2_8W_uRB,63.85135135,Good,18.6,0.240870813
Group1_lower 2_9W_mRB_D1_T1,D1,T1,1,lower,lower 2,1,3,mRB,9,W,5.9,Group1_lower 2_9W_mRB,72.6342711,Good,20.8,0.188644654
Group1_lower 3_16Y_mSU_D1_T1,D1,T1,1,lower,lower 3,0,NA,mSU,16,Y,5.8,Group1_lower 3_16Y_mSU,110.6918239,Good,25,0.212069934
Group1_lower 3_17Y_uRB_D1_T1,D1,T1,1,lower,lower 3,1,NA,uRB,17,Y,6,Group1_lower 3_17Y_uRB,78.75,Good,23.5,0.206439461
Group1_lower 3_18Y_mRB_D1_T1,D1,T1,1,lower,lower 3,2,NA,mRB,18,Y,5.1,Group1_lower 3_18Y_mRB,79.76139753,Good,24.9,0.053932443
Group1_lower 3_20Y_uRB_D1_T1,D1,T1,1,lower,lower 3,3,NA,uRB,20,Y,6.9,Group1_lower 3_20Y_uRB,61.74609869,Good,25,0.163190738
Group1_lower 3_21Y_mRB_D1_T1,D1,T1,1,lower,lower 3,4,NA,mRB,21,Y,6.7,Group1_lower 3_21Y_mRB,87.10304601,Good,24.2,0.130187008
Group1_lower 3_22Y_mSU_D1_T1,D1,T1,1,lower,lower 3,5,3,mSU,22,Y,4.2,Group1_lower 3_22Y_mSU,51.12910098,Discard,27.7,0.34113404
Group1_upper 1_19B_uRB_D1_T1,D1,T1,1,upper,upper 1,5,NA,uRB,19,B,7,Group1_upper 1_19B_uRB,71.58074137,Good,20.8,0.228902962
Group1_upper 1_20B_mRB_D1_T1,D1,T1,1,upper,upper 1,0,5,mRB,20,B,5.3,Group1_upper 1_20B_mRB,79.8652064,Good,20.3,0.40943694
Group1_upper 1_21B_mSU_D1_T1,D1,T1,1,upper,upper 1,1,NA,mSU,21,B,4.5,Group1_upper 1_21B_mSU,61.25053169,Good,21.6,0.250847465
Group1_upper 1_22B_uRB_D1_T1,D1,T1,1,upper,upper 1,2,NA,uRB,22,B,6.3,Group1_upper 1_22B_uRB,66.29834254,Good,20,0.136153082
Group1_upper 1_23B_mRB_D1_T1,D1,T1,1,upper,upper 1,3,NA,mRB,23,B,5.4,Group1_upper 1_23B_mRB,76.92956558,Good,20.8,0.104565942
Group1_upper 1_24B_mSU_D1_T1,D1,T1,1,upper,upper 1,4,NA,mSU,24,B,5.6,Group1_upper 1_24B_mSU,87.01517707,Good,19.7,0.271688819
Group1_upper 2_35G_uRB_D1_T1,D1,T1,1,upper,upper 2,0,NA,uRB,35,G,6,Group1_upper 2_35G_uRB,62.56410256,Good,19.4,0.072793493
Group1_upper 2_36G_mSU_D1_T1,D1,T1,1,upper,upper 2,1,NA,mSU,36,G,5.6,Group1_upper 2_36G_mSU,74.9358426,Good,21.8,0.102494488
Group1_upper 2_37G_mRB_D1_T1,D1,T1,1,upper,upper 2,2,NA,mRB,37,G,5.6,Group1_upper 2_37G_mRB,57.94155019,Good,21.8,0.115915353
Group1_upper 2_38G_uRB_D1_T1,D1,T1,1,upper,upper 2,3,NA,uRB,38,G,6.4,Group1_upper 2_38G_uRB,46.61199827,Discard,21.6,0.40357404
Group1_upper 2_39G_mSU_D1_T1,D1,T1,1,upper,upper 2,4,5,mSU,39,G,5,Group1_upper 2_39G_mSU,92.96842105,Good,22.4,0.086392959
Group1_upper 2_40G_mRB_D1_T1,D1,T1,1,upper,upper 2,5,NA,mRB,40,G,5.8,Group1_upper 2_40G_mRB,82.65434691,Good,20.5,0.053626016
Group1_upper 3_41Y_mRB_D1_T1,D1,T1,1,upper,upper 3,0,NA,mRB,41,Y,5.3,Group1_upper 3_41Y_mRB,82.0599409,Good,28.1,0.053610251
Group1_upper 3_42Y_uRB_D1_T1,D1,T1,1,upper,upper 3,1,NA,uRB,42,Y,5.3,Group1_upper 3_42Y_uRB,72.63556116,Good,32,0.035890179
Group1_upper 3_43Y_mSU_D1_T1,D1,T1,1,upper,upper 3,2,NA,mSU,43,Y,5.4,Group1_upper 3_43Y_mSU,61.61745828,Discard,29.1,0.360786233
Group1_upper 3_45Y_uRB_D1_T1,D1,T1,1,upper,upper 3,3,NA,uRB,45,Y,7.6,Group1_upper 3_45Y_uRB,73.19587629,Good,28.1,0.266420879
Group1_upper 3_46Y_mSU_D1_T1,D1,T1,1,upper,upper 3,4,4,mSU,46,Y,5.6,Group1_upper 3_46Y_mSU,122.2736842,Good,29.1,0.10184411
Group1_upper 3_47Y_mRB_D1_T1,D1,T1,1,upper,upper 3,5,NA,mRB,47,Y,6.2,Group1_upper 3_47Y_mRB,96.28378378,Good,29.8,0.161222857
Group2_lower 1_2Y_mRB_D1_T1,D1,T1,2,lower,lower 1,0,NA,mRB,2,Y,6,Group2_lower 1_2Y_mRB,78.49056604,Good,19.3,0.054115218
Group2_lower 1_3Y_mSU_D1_T1,D1,T1,2,lower,lower 1,1,NA,mSU,3,Y,5,Group2_lower 1_3Y_mSU,39.03462749,Discard,24.4,0.221924402
Group2_lower 1_4Y_uRB_D1_T1,D1,T1,2,lower,lower 1,2,NA,uRB,4,Y,5.9,Group2_lower 1_4Y_uRB,80.82901554,Good,24.2,0.216538382
Group2_lower 1_5Y_mRB_D1_T1,D1,T1,2,lower,lower 1,3,2,mRB,5,Y,6.1,Group2_lower 1_5Y_mRB,84.36911488,Good,25.7,0.153580955
Group2_lower 1_6Y_mSU_D1_T1,D1,T1,2,lower,lower 1,4,NA,mSU,6,Y,5,Group2_lower 1_6Y_mSU,82.33276158,Good,26.2,0.155100124
Group2_lower 1_7Y_uRB_D1_T1,D1,T1,2,lower,lower 1,5,NA,uRB,7,Y,6.3,Group2_lower 1_7Y_uRB,82.05128205,Good,27.7,0.201572915
Group2_lower 2_23W_mSU_D1_T1,D1,T1,2,lower,lower 2,0,5,mSU,23,W,4.7,Group2_lower 2_23W_mSU,91.02402023,Good,20.9,0.189232143
Group2_lower 2_24W_uRB_D1_T1,D1,T1,2,lower,lower 2,1,NA,uRB,24,W,6.7,Group2_lower 2_24W_uRB,75.78947368,Good,23,0.217873187
Group2_lower 2_25W_mRB_D1_T1,D1,T1,2,lower,lower 2,2,NA,mRB,25,W,6.3,Group2_lower 2_25W_mRB,73.15834039,Good,21.6,0.14497536
Group2_lower 2_26W_mSU_D1_T1,D1,T1,2,lower,lower 2,3,0,mSU,26,W,6,Group2_lower 2_26W_mSU,55.66600398,Discard,20.5,0.310473274
Group2_lower 2_27W_uRB_D1_T1,D1,T1,2,lower,lower 2,4,NA,uRB,27,W,6.2,Group2_lower 2_27W_uRB,55.93439793,Discard,22.8,0.287570938
Group2_lower 2_28W_mRB_D1_T1,D1,T1,2,lower,lower 2,5,NA,mRB,28,W,6.8,Group2_lower 2_28W_mRB,92.46231156,Good,25.6,0.103706951
Group2_lower 3_35Y_mSU_D1_T1,D1,T1,2,lower,lower 3,0,1,mSU,35,Y,4.9,Group2_lower 3_35Y_mSU,72.03513909,Good,21.6,0.309061393
Group2_lower 3_36Y_uRB_D1_T1,D1,T1,2,lower,lower 3,1,NA,uRB,36,Y,5.9,Group2_lower 3_36Y_uRB,60.12738854,Good,21.4,0.039625098
Group2_lower 3_37Y_mRB_D1_T1,D1,T1,2,lower,lower 3,2,NA,mRB,37,Y,6.7,Group2_lower 3_37Y_mRB,58.43828715,Good,19.7,0.275401465
Group2_lower 3_38Y_mSU_D1_T1,D1,T1,2,lower,lower 3,3,0,mSU,38,Y,5.2,Group2_lower 3_38Y_mSU,72.01565558,Good,18.3,0.33476953
Group2_lower 3_39Y_uRB_D1_T1,D1,T1,2,lower,lower 3,4,NA,uRB,39,Y,6.7,Group2_lower 3_39Y_uRB,62.94416244,Good,20.2,0.178428364
Group2_lower 3_40Y_mRB_D1_T1,D1,T1,2,lower,lower 3,5,NA,mRB,40,Y,5.9,Group2_lower 3_40Y_mRB,68.63270777,Good,19.2,0.199283011
Group2_upper 1_30B_mSU_D1_T1,D1,T1,2,upper,upper 1,0,0,mSU,30,B,4.8,Group2_upper 1_30B_mSU,85.05392912,Good,25.9,0.3156868
Group2_upper 1_31B_uRB_D1_T1,D1,T1,2,upper,upper 1,1,NA,uRB,31,B,5.4,Group2_upper 1_31B_uRB,106.1946903,Good,31.1,0.062218377
Group2_upper 1_32B_mRB_D1_T1,D1,T1,2,upper,upper 1,2,NA,mRB,32,B,6.5,Group2_upper 1_32B_mRB,92.85113541,Good,27.5,0.06948016
Group2_upper 1_33B_mSU_D1_T1,D1,T1,2,upper,upper 1,3,NA,mSU,33,B,6,Group2_upper 1_33B_mSU,119.7725837,Good,27.4,0.108366963
Group2_upper 1_34B_uRB_D1_T1,D1,T1,2,upper,upper 1,4,NA,uRB,34,B,7,Group2_upper 1_34B_uRB,89.26458157,Good,28.1,0.551404213
Group2_upper 1_35B_mRB_D1_T1,D1,T1,2,upper,upper 1,5,NA,mRB,35,B,5,Group2_upper 1_35B_mRB,96.16195698,Good,30.1,0.052553159
Group2_upper 2_1B_mRB_D1_T1,D1,T1,2,upper,upper 2,0,NA,mRB,1,B,6,Group2_upper 2_1B_mRB,66.28452319,Good,28.4,0.042970297
Group2_upper 2_2B_uRB_D1_T1,D1,T1,2,upper,upper 2,1,NA,uRB,2,B,6.4,Group2_upper 2_2B_uRB,79.00812313,Good,28.6,0.041382347
Group2_upper 2_45B_mSU_D1_T1,D1,T1,2,upper,upper 2,5,NA,mSU,45,B,4.4,Group2_upper 2_45B_mSU,94.13749473,Good,32.6,0.159978151
Group2_upper 2_4B_mSU_D1_T1,D1,T1,2,upper,upper 2,2,NA,mSU,4,B,5.7,Group2_upper 2_4B_mSU,103.2040472,Good,33.9,0.049008558
Group2_upper 2_5B_mRB_D1_T1,D1,T1,2,upper,upper 2,3,NA,mRB,5,B,6.1,Group2_upper 2_5B_mRB,94.90954985,Good,30.9,0.037960743
Group2_upper 2_6B_uRB_D1_T1,D1,T1,2,upper,upper 2,4,NA,uRB,6,B,6.3,Group2_upper 2_6B_uRB,65.80976864,Good,27.9,0.06846749
Group2_upper 3_13G_mRB_D1_T1,D1,T1,2,upper,upper 3,0,0,mRB,13,G,6.5,Group2_upper 3_13G_mRB,73.21613237,Good,19.7,0.278576018
Group2_upper 3_15G_uRB_D1_T1,D1,T1,2,upper,upper 3,1,1,uRB,15,G,6.1,Group2_upper 3_15G_uRB,62.53737719,Good,20.6,0.212017779
Group2_upper 3_16G_mSU_D1_T1,D1,T1,2,upper,upper 3,2,NA,mSU,16,G,4.9,Group2_upper 3_16G_mSU,82.65497808,Good,21.3,0.254519598
Group2_upper 3_17G_uRB_D1_T1,D1,T1,2,upper,upper 3,3,2,uRB,17,G,6,Group2_upper 3_17G_uRB,85.38985617,Good,21.8,0.349702296
Group2_upper 3_21G_mRB_D1_T1,D1,T1,2,upper,upper 3,5,3,mRB,21,G,6.5,Group2_upper 3_21G_mRB,58.31202046,Good,23.1,0.202678788
Group2_upper 3_screw_mSU_D1_T1,D1,T1,2,upper,upper 3,4,NA,mSU,screw,NA,4.2,Group2_upper 3_screw_mSU,108.588186,Good,24.6,0.092645082
Group3_lower 1_36W_mRB_D1_T1,D1,T1,3,lower,lower 1,0,NA,mRB,36,W,6.1,Group3_lower 1_36W_mRB,93.63867684,Good,29.4,0.23086207
Group3_lower 1_37W_mSU_D1_T1,D1,T1,3,lower,lower 1,1,NA,mSU,37,W,4.6,Group3_lower 1_37W_mSU,113.7597791,Good,28.3,0.304043278
Group3_lower 1_38W_uRB_D1_T1,D1,T1,3,lower,lower 1,2,NA,uRB,38,W,7,Group3_lower 1_38W_uRB,85.82375479,Good,26.5,0.042814699
Group3_lower 1_39W_mRB_D1_T1,D1,T1,3,lower,lower 1,3,NA,mRB,39,W,6.4,Group3_lower 1_39W_mRB,95.46621044,Good,28.6,0.084397417
Group3_lower 1_40W_mSU_D1_T1,D1,T1,3,lower,lower 1,4,NA,mSU,40,W,4.2,Group3_lower 1_40W_mSU,55.60235889,Discard,25.4,0.413106943
Group3_lower 1_41W_uRB_D1_T1,D1,T1,3,lower,lower 1,5,NA,uRB,41,W,6.4,Group3_lower 1_41W_uRB,106.2842682,Good,28.8,0.045827849
Group3_lower 3_19Y_mRB_D1_T1,D1,T1,3,lower,lower 3,0,NA,mRB,19,Y,5.9,Group3_lower 3_19Y_mRB,74.72118959,Good,25.1,0.122165175
Group3_lower 3_20Y_mSU_D1_T1,D1,T1,3,lower,lower 3,1,NA,mSU,20,Y,4.8,Group3_lower 3_20Y_mSU,32.5203252,Discard,26.3,0.123682749
Group3_lower 3_21Y_uRB_D1_T1,D1,T1,3,lower,lower 3,2,NA,uRB,21,Y,5.9,Group3_lower 3_21Y_uRB,72.28915663,Good,23.8,0.169364993
Group3_lower 3_25Y_mRB_D1_T1,D1,T1,3,lower,lower 3,3,NA,mRB,25,Y,6.6,Group3_lower 3_25Y_mRB,65.56808326,Good,24.7,0.10559102
Group3_lower 3_26Y_mSU_D1_T1,D1,T1,3,lower,lower 3,4,NA,mSU,26,Y,5,Group3_lower 3_26Y_mSU,99.83022071,Good,22.8,0.206355602
Group3_lower 3_27Y_uRB_D1_T1,D1,T1,3,lower,lower 3,5,NA,uRB,27,Y,6.3,Group3_lower 3_27Y_uRB,62.97079983,Good,23.1,0.042794089
Group3_upper 1_14B_mSU_D1_T1,D1,T1,3,upper,upper 1,0,NA,mSU,14,B,5.1,Group3_upper 1_14B_mSU,95.02762431,Good,23.8,0.3519566
Group3_upper 1_15B_mRB_D1_T1,D1,T1,3,upper,upper 1,1,NA,mRB,15,B,5.9,Group3_upper 1_15B_mRB,67.40425532,Good,25.4,0.025375273
Group3_upper 1_16B_mSU_D1_T1,D1,T1,3,upper,upper 1,2,NA,mSU,16,B,5.5,Group3_upper 1_16B_mSU,57.66710354,Discard,23.5,0.318349395
Group3_upper 1_18B_mRB_D1_T1,D1,T1,3,upper,upper 1,3,NA,mRB,18,B,5.6,Group3_upper 1_18B_mRB,79.51807229,Good,24.1,0.224843932
Group3_upper 1_20B_uRB_D1_T1,D1,T1,3,upper,upper 1,4,NA,uRB,20,B,6.2,Group3_upper 1_20B_uRB,83.92324094,Good,24.5,0.034622158
Group3_upper 1_30B_uRB_D1_T1,D1,T1,3,upper,upper 1,5,NA,uRB,30,B,6.8,Group3_upper 1_30B_uRB,83.73266078,Good,25.5,0.055975246
Group3_upper 2_24G_mRB_D1_T1,D1,T1,3,upper,upper 2,0,NA,mRB,24,G,6.2,Group3_upper 2_24G_mRB,59.60637301,Good,27.2,0.057818835
Group3_upper 2_25G_mSU_D1_T1,D1,T1,3,upper,upper 2,1,NA,mSU,25,G,5.2,Group3_upper 2_25G_mSU,111.5577889,Good,28.9,0.309216272
Group3_upper 2_26G_uRB_D1_T1,D1,T1,3,upper,upper 2,2,NA,uRB,26,G,5.7,Group3_upper 2_26G_uRB,53.42465753,Discard,32.3,0.343802433
Group3_upper 2_28G_mRB_D1_T1,D1,T1,3,upper,upper 2,3,NA,mRB,28,G,5.3,Group3_upper 2_28G_mRB,44.68468468,Good,30.7,0.239886652
Group3_upper 2_29G_mSU_D1_T1,D1,T1,3,upper,upper 2,4,NA,mSU,29,G,4.5,Group3_upper 2_29G_mSU,93.30024814,Good,28.3,0.382331142
Group3_upper 2_30G_uRB_D1_T1,D1,T1,3,upper,upper 2,5,NA,uRB,30,G,6.5,Group3_upper 2_30G_uRB,46.99872286,Good,30.3,0.090755063
Group3_upper 3_13G_uRB_D1_T1,D1,T1,3,upper,upper 3,5,NA,uRB,13,G,6.7,Group3_upper 3_13G_uRB,63.2115548,Good,24.5,0.048216456
Group3_upper 3_2G_mRB_D1_T1,D1,T1,3,upper,upper 3,0,NA,mRB,2,G,6.7,Group3_upper 3_2G_mRB,83.02583026,Good,24.5,0.187036524
Group3_upper 3_3G_mSU_D1_T1,D1,T1,3,upper,upper 3,1,NA,mSU,3,G,4.4,Group3_upper 3_3G_mSU,49.23076923,Discard,22.7,0.316101589
Group3_upper 3_48B_mRB_D1_T1,D1,T1,3,upper,upper 3,3,NA,mRB,48,B,5.8,Group3_upper 3_48B_mRB,106.0322855,Good,27,0.03963659
Group3_upper 3_4G_uRB_D1_T1,D1,T1,3,upper,upper 3,2,NA,uRB,4,G,6.1,Group3_upper 3_4G_uRB,77.81569966,Good,28.8,0.284669842
Group3_upper 3_50B_mSU_D1_T1,D1,T1,3,upper,upper 3,4,NA,mSU,50,B,4.5,Group3_upper 3_50B_mSU,103.2367973,Good,25,0.315755671
Group1_lower 1_38W_mSU_D1_T2,D1,T2,1,lower,lower 1,0,NA,mSU,38,W,6.1,Group1_lower 1_38W_mSU,107.0518267,Good,26.8,0.196621936
Group1_lower 1_39W_uRB_D1_T2,D1,T2,1,lower,lower 1,1,NA,uRB,39,W,6.6,Group1_lower 1_39W_uRB,97.85624212,Good,25.8,0.092600153
Group1_lower 1_40W_mRB_D1_T2,D1,T2,1,lower,lower 1,2,NA,mRB,40,W,6.4,Group1_lower 1_40W_mRB,87.05187685,Good,31.9,0.069499465
Group1_lower 1_41W_mSU_D1_T2,D1,T2,1,lower,lower 1,3,NA,mSU,41,W,5.7,Group1_lower 1_41W_mSU,104.6570703,Good,27.2,0.42425124
Group1_lower 1_42W_uRB_D1_T2,D1,T2,1,lower,lower 1,4,NA,uRB,42,W,6.4,Group1_lower 1_42W_uRB,51.19453925,Discard,27.1,0.344379446
Group1_lower 1_43W_mRB_D1_T2,D1,T2,1,lower,lower 1,5,NA,mRB,43,W,6.4,Group1_lower 1_43W_mRB,105.227656,Good,27.6,0.355796926
Group1_lower 3_16Y_mSU_D1_T2,D1,T2,1,lower,lower 3,0,NA,mSU,16,Y,5.8,Group1_lower 3_16Y_mSU,128.3368421,Good,21.4,0.132259102
Group1_lower 3_17Y_uRB_D1_T2,D1,T2,1,lower,lower 3,1,NA,uRB,17,Y,6,Group1_lower 3_17Y_uRB,86.14864865,Good,26.1,0.051874446
Group1_lower 3_18Y_mRB_D1_T2,D1,T2,1,lower,lower 3,2,NA,mRB,18,Y,5.1,Group1_lower 3_18Y_mRB,51.21638924,Discard,26.7,0.292049436
Group1_lower 3_20Y_uRB_D1_T2,D1,T2,1,lower,lower 3,3,NA,uRB,20,Y,6.9,Group1_lower 3_20Y_uRB,68.86509636,Good,25.1,0.121037563
Group1_lower 3_21Y_mRB_D1_T2,D1,T2,1,lower,lower 3,4,NA,mRB,21,Y,6.7,Group1_lower 3_21Y_mRB,91.92339717,Good,26.6,0.179788318
Group1_lower 3_22Y_mSU_D1_T2,D1,T2,1,lower,lower 3,5,3,mSU,22,Y,4.2,Group1_lower 3_22Y_mSU,111.5335868,Good,28,0.143585761
Group1_upper 1_19B_uRB_D1_T2,D1,T2,1,upper,upper 1,5,NA,uRB,19,B,7,Group1_upper 1_19B_uRB,91.83673469,Good,32.5,0.115727071
Group1_upper 1_20B_mRB_D1_T2,D1,T2,1,upper,upper 1,0,5,mRB,20,B,5.3,Group1_upper 1_20B_mRB,80.50955414,Good,26.5,0.259007625
Group1_upper 1_21B_mSU_D1_T2,D1,T2,1,upper,upper 1,1,NA,mSU,21,B,4.5,Group1_upper 1_21B_mSU,51.30397606,Discard,33.1,0.386348686
Group1_upper 1_22B_uRB_D1_T2,D1,T2,1,upper,upper 1,2,NA,uRB,22,B,6.3,Group1_upper 1_22B_uRB,81.47706968,Good,30.9,0.404418306
Group1_upper 1_23B_mRB_D1_T2,D1,T2,1,upper,upper 1,3,NA,mRB,23,B,5.4,Group1_upper 1_23B_mRB,99.07329402,Good,30.7,0.052910928
Group1_upper 1_24B_mSU_D1_T2,D1,T2,1,upper,upper 1,4,NA,mSU,24,B,5.6,Group1_upper 1_24B_mSU,65.13157895,Discard,29.6,0.431080369
Group1_upper 2_35G_uRB_D1_T2,D1,T2,1,upper,upper 2,0,NA,uRB,35,G,6,Group1_upper 2_35G_uRB,95.55273189,Good,31.3,0.038274795
Group1_upper 2_36G_mSU_D1_T2,D1,T2,1,upper,upper 2,1,NA,mSU,36,G,5.6,Group1_upper 2_36G_mSU,107.1428571,Good,31.7,0.082518552
Group1_upper 2_37G_mRB_D1_T2,D1,T2,1,upper,upper 2,2,NA,mRB,37,G,5.6,Group1_upper 2_37G_mRB,81.28342246,Good,32.3,0.048325416
Group1_upper 2_38G_uRB_D1_T2,D1,T2,1,upper,upper 2,3,NA,uRB,38,G,6.4,Group1_upper 2_38G_uRB,63.91752577,Good,33.3,0.097457538
Group1_upper 2_39G_mSU_D1_T2,D1,T2,1,upper,upper 2,4,5,mSU,39,G,5,Group1_upper 2_39G_mSU,55.69620253,Discard,32.1,0.382247949
Group1_upper 2_40G_mRB_D1_T2,D1,T2,1,upper,upper 2,5,NA,mRB,40,G,5.8,Group1_upper 2_40G_mRB,84.87430763,Good,33.2,0.046344692
Group1_upper 3_41Y_mRB_D1_T2,D1,T2,1,upper,upper 3,0,NA,mRB,41,Y,5.3,Group1_upper 3_41Y_mRB,82.44274809,Good,37.5,0.057860104
Group1_upper 3_42Y_uRB_D1_T2,D1,T2,1,upper,upper 3,1,NA,uRB,42,Y,5.3,Group1_upper 3_42Y_uRB,67.66339171,Good,38.4,0.047320757
Group1_upper 3_43Y_mSU_D1_T2,D1,T2,1,upper,upper 3,2,NA,mSU,43,Y,5.4,Group1_upper 3_43Y_mSU,121.9047619,Discard,39.2,0.486928229
Group1_upper 3_45Y_uRB_D1_T2,D1,T2,1,upper,upper 3,3,NA,uRB,45,Y,7.6,Group1_upper 3_45Y_uRB,81.70212766,Good,37.2,0.13842649
Group1_upper 3_46Y_mSU_D1_T2,D1,T2,1,upper,upper 3,4,4,mSU,46,Y,5.6,Group1_upper 3_46Y_mSU,130.3578947,Good,35.2,0.098538713
Group1_upper 3_47Y_mRB_D1_T2,D1,T2,1,upper,upper 3,5,NA,mRB,47,Y,6.2,Group1_upper 3_47Y_mRB,94.41624365,Good,35.5,0.05010834
Group2_lower 1_2Y_mRB_D1_T2,D1,T2,2,lower,lower 1,0,NA,mRB,2,Y,6,Group2_lower 1_2Y_mRB,77.87610619,Good,27.2,0.03769252
Group2_lower 1_3Y_mSU_D1_T2,D1,T2,2,lower,lower 1,1,NA,mSU,3,Y,5,Group2_lower 1_3Y_mSU,46.25492773,Discard,30.3,0.283994872
Group2_lower 1_4Y_uRB_D1_T2,D1,T2,2,lower,lower 1,2,NA,uRB,4,Y,5.9,Group2_lower 1_4Y_uRB,58.98305085,Good,29.9,0.022986061
Group2_lower 1_5Y_mRB_D1_T2,D1,T2,2,lower,lower 1,3,2,mRB,5,Y,6.1,Group2_lower 1_5Y_mRB,83.00295234,Good,33.9,0.080598662
Group2_lower 1_6Y_mSU_D1_T2,D1,T2,2,lower,lower 1,4,NA,mSU,6,Y,5,Group2_lower 1_6Y_mSU,119.3116635,Good,35.3,0.582110307
Group2_lower 1_7Y_uRB_D1_T2,D1,T2,2,lower,lower 1,5,NA,uRB,7,Y,6.3,Group2_lower 1_7Y_uRB,119.3480986,Good,33.4,0.130404917
Group2_lower 2_23W_mSU_D1_T2,D1,T2,2,lower,lower 2,0,5,mSU,23,W,4.7,Group2_lower 2_23W_mSU,110.6131078,Good,28.1,0.207448113
Group2_lower 2_24W_uRB_D1_T2,D1,T2,2,lower,lower 2,1,NA,uRB,24,W,6.7,Group2_lower 2_24W_uRB,59.08319185,Good,29.7,0.296980687
Group2_lower 2_25W_mRB_D1_T2,D1,T2,2,lower,lower 2,2,NA,mRB,25,W,6.3,Group2_lower 2_25W_mRB,73.97260274,Good,29.6,0.058058187
Group2_lower 2_26W_mSU_D1_T2,D1,T2,2,lower,lower 2,3,0,mSU,26,W,6,Group2_lower 2_26W_mSU,56.14632071,Discard,30.4,0.337058902
Group2_lower 2_27W_uRB_D1_T2,D1,T2,2,lower,lower 2,4,NA,uRB,27,W,6.2,Group2_lower 2_27W_uRB,56.09859754,Discard,27.9,0.37054836
Group2_lower 2_28W_mRB_D1_T2,D1,T2,2,lower,lower 2,5,NA,mRB,28,W,6.8,Group2_lower 2_28W_mRB,102.2353437,Good,29.5,0.047573172
Group2_lower 3_35Y_mSU_D1_T2,D1,T2,2,lower,lower 3,0,1,mSU,35,Y,4.9,Group2_lower 3_35Y_mSU,90.35532995,Good,28.6,0.285870076
Group2_lower 3_36Y_uRB_D1_T2,D1,T2,2,lower,lower 3,1,NA,uRB,36,Y,5.9,Group2_lower 3_36Y_uRB,58.36177474,Good,28.5,0.034679356
Group2_lower 3_37Y_mRB_D1_T2,D1,T2,2,lower,lower 3,2,NA,mRB,37,Y,6.7,Group2_lower 3_37Y_mRB,87.27272727,Good,27.8,0.101902203
Group2_lower 3_38Y_mSU_D1_T2,D1,T2,2,lower,lower 3,3,0,mSU,38,Y,5.2,Group2_lower 3_38Y_mSU,107.7966102,Good,27.5,0.065728816
Group2_lower 3_39Y_uRB_D1_T2,D1,T2,2,lower,lower 3,4,NA,uRB,39,Y,6.7,Group2_lower 3_39Y_uRB,74.9358426,Good,29.6,0.041612777
Group2_lower 3_40Y_mRB_D1_T2,D1,T2,2,lower,lower 3,5,NA,mRB,40,Y,5.9,Group2_lower 3_40Y_mRB,70.16949153,Good,30.8,0.036081488
Group2_upper 1_30B_mSU_D1_T2,D1,T2,2,upper,upper 1,0,0,mSU,30,B,4.8,Group2_upper 1_30B_mSU,140.8805031,Good,35.4,0.089913244
Group2_upper 1_31B_uRB_D1_T2,D1,T2,2,upper,upper 1,1,NA,uRB,31,B,5.4,Group2_upper 1_31B_uRB,110.0084104,Good,34.5,0.066745926
Group2_upper 1_32B_mRB_D1_T2,D1,T2,2,upper,upper 1,2,NA,mRB,32,B,6.5,Group2_upper 1_32B_mRB,115.0546678,Good,33.1,0.071070957
Group2_upper 1_33B_mSU_D1_T2,D1,T2,2,upper,upper 1,3,NA,mSU,33,B,6,Group2_upper 1_33B_mSU,101.9343987,Good,33.6,0.052016345
Group2_upper 1_34B_uRB_D1_T2,D1,T2,2,upper,upper 1,4,NA,uRB,34,B,7,Group2_upper 1_34B_uRB,80.10680908,Good,33.1,0.055630081
Group2_upper 1_35B_mRB_D1_T2,D1,T2,2,upper,upper 1,5,NA,mRB,35,B,5,Group2_upper 1_35B_mRB,76.53061224,Good,35.5,0.144150909
Group2_upper 2_1B_mRB_D1_T2,D1,T2,2,upper,upper 2,0,NA,mRB,1,B,6,Group2_upper 2_1B_mRB,52.99363057,Good,28.5,0.033669687
Group2_upper 2_2B_uRB_D1_T2,D1,T2,2,upper,upper 2,1,NA,uRB,2,B,6.4,Group2_upper 2_2B_uRB,79.69348659,Good,27.3,0.060051941
Group2_upper 2_45B_mSU_D1_T2,D1,T2,2,upper,upper 2,5,NA,mSU,45,B,4.4,Group2_upper 2_45B_mSU,79.82942431,Good,33.1,0.192712014
Group2_upper 2_4B_mSU_D1_T2,D1,T2,2,upper,upper 2,2,NA,mSU,4,B,5.7,Group2_upper 2_4B_mSU,99.19865036,Good,30,0.040613643
Group2_upper 2_5B_mRB_D1_T2,D1,T2,2,upper,upper 2,3,NA,mRB,5,B,6.1,Group2_upper 2_5B_mRB,82.30865747,Good,28.6,0.055912327
Group2_upper 2_6B_uRB_D1_T2,D1,T2,2,upper,upper 2,4,NA,uRB,6,B,6.3,Group2_upper 2_6B_uRB,51.99660153,Good,28.1,0.173936031
Group2_upper 3_13G_mRB_D1_T2,D1,T2,2,upper,upper 3,0,0,mRB,13,G,6.5,Group2_upper 3_13G_mRB,107.2796935,Good,35.1,0.099515944
Group2_upper 3_15G_uRB_D1_T2,D1,T2,2,upper,upper 3,1,1,uRB,15,G,6.1,Group2_upper 3_15G_uRB,88.7755102,Good,34.8,0.045683101
Group2_upper 3_16G_mSU_D1_T2,D1,T2,2,upper,upper 3,2,NA,mSU,16,G,4.9,Group2_upper 3_16G_mSU,107.8085642,Good,32.4,0.065444396
Group2_upper 3_17G_uRB_D1_T2,D1,T2,2,upper,upper 3,3,2,uRB,17,G,6,Group2_upper 3_17G_uRB,88.28058169,Good,35,0.300079703
Group2_upper 3_21G_mRB_D1_T2,D1,T2,2,upper,upper 3,5,3,mRB,21,G,6.5,Group2_upper 3_21G_mRB,91.75870858,Good,32.5,0.177720682
Group2_upper 3_screw_mSU_D1_T2,D1,T2,2,upper,upper 3,4,NA,mSU,screw,NA,4.2,Group2_upper 3_screw_mSU,29.61608775,Discard,30.8,0.270229064
Group3_lower 1_36W_mRB_D1_T2,D1,T2,3,lower,lower 1,0,NA,mRB,36,W,6.1,Group3_lower 1_36W_mRB,89.0763391,Good,25.5,0.035081148
Group3_lower 1_37W_mSU_D1_T2,D1,T2,3,lower,lower 1,1,NA,mSU,37,W,4.6,Group3_lower 1_37W_mSU,114.1894737,Good,24.3,0.11513525
Group3_lower 1_38W_uRB_D1_T2,D1,T2,3,lower,lower 1,2,NA,uRB,38,W,7,Group3_lower 1_38W_uRB,52.5,Discard,25,0.377700284
Group3_lower 1_39W_mRB_D1_T2,D1,T2,3,lower,lower 1,3,NA,mRB,39,W,6.4,Group3_lower 1_39W_mRB,85.53245651,Good,22.8,0.168243924
Group3_lower 1_40W_mSU_D1_T2,D1,T2,3,lower,lower 1,4,NA,mSU,40,W,4.2,Group3_lower 1_40W_mSU,70.34764826,Discard,24.9,0.416296838
Group3_lower 1_41W_uRB_D1_T2,D1,T2,3,lower,lower 1,5,NA,uRB,41,W,6.4,Group3_lower 1_41W_uRB,75.59893523,Good,27,0.273253737
Group3_lower 3_19Y_mRB_D1_T2,D1,T2,3,lower,lower 3,0,NA,mRB,19,Y,5.9,Group3_lower 3_19Y_mRB,78.78787879,Good,23.4,0.040518033
Group3_lower 3_20Y_mSU_D1_T2,D1,T2,3,lower,lower 3,1,NA,mSU,20,Y,4.8,Group3_lower 3_20Y_mSU,123.2323232,Good,28.7,0.062457878
Group3_lower 3_21Y_uRB_D1_T2,D1,T2,3,lower,lower 3,2,NA,uRB,21,Y,5.9,Group3_lower 3_21Y_uRB,62.27137388,Good,28.6,0.032927196
Group3_lower 3_25Y_mRB_D1_T2,D1,T2,3,lower,lower 3,3,NA,mRB,25,Y,6.6,Group3_lower 3_25Y_mRB,74.30025445,Good,26.1,0.092900619
Group3_lower 3_26Y_mSU_D1_T2,D1,T2,3,lower,lower 3,4,NA,mSU,26,Y,5,Group3_lower 3_26Y_mSU,102.278481,Good,24.7,0.291341974
Group3_lower 3_27Y_uRB_D1_T2,D1,T2,3,lower,lower 3,5,NA,uRB,27,Y,6.3,Group3_lower 3_27Y_uRB,60.22304833,Good,26.8,0.104400909
Group3_upper 1_14B_mSU_D1_T2,D1,T2,3,upper,upper 1,0,NA,mSU,14,B,5.1,Group3_upper 1_14B_mSU,101.3046815,Good,27.7,0.221991014
Group3_upper 1_15B_mRB_D1_T2,D1,T2,3,upper,upper 1,1,NA,mRB,15,B,5.9,Group3_upper 1_15B_mRB,71.09606433,Good,31.1,0.094199202
Group3_upper 1_16B_mSU_D1_T2,D1,T2,3,upper,upper 1,2,NA,mSU,16,B,5.5,Group3_upper 1_16B_mSU,53.63716039,Discard,28.2,0.356825826
Group3_upper 1_18B_mRB_D1_T2,D1,T2,3,upper,upper 1,3,NA,mRB,18,B,5.6,Group3_upper 1_18B_mRB,89.41574936,Good,26.6,0.068622814
Group3_upper 1_20B_uRB_D1_T2,D1,T2,3,upper,upper 1,4,NA,uRB,20,B,6.2,Group3_upper 1_20B_uRB,100.9345794,Good,29.1,0.038715422
Group3_upper 1_30B_uRB_D1_T2,D1,T2,3,upper,upper 1,5,NA,uRB,30,B,6.8,Group3_upper 1_30B_uRB,71.11111111,Good,28.2,0.07682511
Group3_upper 2_24G_mRB_D1_T2,D1,T2,3,upper,upper 2,0,NA,mRB,24,G,6.2,Group3_upper 2_24G_mRB,44.81111594,Good,27.3,0.054353826
Group3_upper 2_25G_mSU_D1_T2,D1,T2,3,upper,upper 2,1,NA,mSU,25,G,5.2,Group3_upper 2_25G_mSU,102.10615,Good,29.3,0.31528517
Group3_upper 2_26G_uRB_D1_T2,D1,T2,3,upper,upper 2,2,NA,uRB,26,G,5.7,Group3_upper 2_26G_uRB,50.472103,Discard,30.7,0.331050292
Group3_upper 2_28G_mRB_D1_T2,D1,T2,3,upper,upper 2,3,NA,mRB,28,G,5.3,Group3_upper 2_28G_mRB,66.20689655,Good,30.1,0.038030179
Group3_upper 2_29G_mSU_D1_T2,D1,T2,3,upper,upper 2,4,NA,mSU,29,G,4.5,Group3_upper 2_29G_mSU,111.9170984,Good,28.5,0.565391521
Group3_upper 2_30G_uRB_D1_T2,D1,T2,3,upper,upper 2,5,NA,uRB,30,G,6.5,Group3_upper 2_30G_uRB,46.17357845,Good,26.1,0.109908941
Group3_upper 3_13G_uRB_D1_T2,D1,T2,3,upper,upper 3,5,NA,uRB,13,G,6.7,Group3_upper 3_13G_uRB,61.69405815,Good,28.6,0.049574532
Group3_upper 3_2G_mRB_D1_T2,D1,T2,3,upper,upper 3,0,NA,mRB,2,G,6.7,Group3_upper 3_2G_mRB,83.53140917,Good,32.6,0.049170572
Group3_upper 3_3G_mSU_D1_T2,D1,T2,3,upper,upper 3,1,NA,mSU,3,G,4.4,Group3_upper 3_3G_mSU,59.81308411,Discard,25.7,0.326438431
Group3_upper 3_48B_mRB_D1_T2,D1,T2,3,upper,upper 3,3,NA,mRB,48,B,5.8,Group3_upper 3_48B_mRB,82.65306122,Good,29,0.071688488
Group3_upper 3_4G_uRB_D1_T2,D1,T2,3,upper,upper 3,2,NA,uRB,4,G,6.1,Group3_upper 3_4G_uRB,67.49041329,Good,28.3,0.063208365
Group3_upper 3_50B_mSU_D1_T2,D1,T2,3,upper,upper 3,4,NA,mSU,50,B,4.5,Group3_upper 3_50B_mSU,103.2040472,Good,29.1,0.299162451
Group1_lower 1_31W_mRB_D4_T1,D4,T1,1,lower,lower 1,NA,0,mRB,31,W,7,Group1_lower 1_31W_mRB,54.03568394,Discard,19.6,0.321560409
Group1_lower 1_32W_mSU_D4_T1,D4,T1,1,lower,lower 1,NA,1,mSU,32,W,5.3,Group1_lower 1_32W_mSU,48.26700899,Discard,20.1,0.339226387
Group1_lower 1_33W_uRB_D4_T1,D4,T1,1,lower,lower 1,NA,2,uRB,33,W,6,Group1_lower 1_33W_uRB,66.69516888,Good,19.7,0.264725489
Group1_lower 1_34W_mRB_D4_T1,D4,T1,1,lower,lower 1,NA,3,mRB,34,W,5.9,Group1_lower 1_34W_mRB,67.75021386,Good,20,0.091419766
Group1_lower 1_35W_mSU_D4_T1,D4,T1,1,lower,lower 1,NA,4,mSU,35,W,4.9,Group1_lower 1_35W_mSU,85.42646071,Good,20,0.39689403
Group1_lower 1_36W_uRB_D4_T1,D4,T1,1,lower,lower 1,NA,5,uRB,36,W,6.5,Group1_lower 1_36W_uRB,50.82108902,Discard,20.4,0.309037043
Group1_lower 2_11W_uRB_D4_T1,D4,T1,1,lower,lower 2,NA,2,uRB,11,W,5.4,Group1_lower 2_11W_uRB,56.28664495,Good,20.3,0.193056518
Group1_lower 2_12W_mRB_D4_T1,D4,T1,1,lower,lower 2,2,5,mRB,12,W,6.5,Group1_lower 2_12W_mRB,80.33898305,Good,20.1,0.260107786
Group1_lower 2_13W_mSU_D4_T1,D4,T1,1,lower,lower 2,3,4,mSU,13,W,6.5,Group1_lower 2_13W_mSU,83.96866841,Good,19.7,0.27468558
Group1_lower 2_2W_uRB_D4_T1,D4,T1,1,lower,lower 2,NA,0,uRB,2,W,6.2,Group1_lower 2_2W_uRB,68.36734694,Good,18.3,0.268175983
Group1_lower 2_7W_mSU_D4_T1,D4,T1,1,lower,lower 2,NA,1,mSU,7,W,4.5,Group1_lower 2_7W_mSU,97.51924722,Good,19.9,0.299494483
Group1_lower 2_9W_mRB_D4_T1,D4,T1,1,lower,lower 2,1,3,mRB,9,W,5.9,Group1_lower 2_9W_mRB,69.00634249,Good,19.8,0.140089921
Group1_lower 3_14Y_uRB_D4_T1,D4,T1,1,lower,lower 3,NA,0,uRB,14,Y,6,Group1_lower 3_14Y_uRB,62.40409207,Good,20.4,0.272449953
Group1_lower 3_19Y_mSU_D4_T1,D4,T1,1,lower,lower 3,NA,1,mSU,19,Y,6.2,Group1_lower 3_19Y_mSU,67.20407297,Good,19.6,0.155715297
Group1_lower 3_22Y_mSU_D4_T1,D4,T1,1,lower,lower 3,5,3,mSU,22,Y,4.2,Group1_lower 3_22Y_mSU,81.07238606,Good,19.9,0.336969324
Group1_lower 3_23Y_uRB_D4_T1,D4,T1,1,lower,lower 3,NA,2,uRB,23,Y,6.3,Group1_lower 3_23Y_uRB,67.09021601,Good,17.1,0.307537301
Group1_lower 3_25Y_mSU_D4_T1,D4,T1,1,lower,lower 3,NA,4,mSU,25,Y,4.3,Group1_lower 3_25Y_mSU,56.22071838,Discard,20.4,0.31816424
Group1_lower 3_27Y_mRB_D4_T1,D4,T1,1,lower,lower 3,NA,5,mRB,27,Y,5.6,Group1_lower 3_27Y_mRB,35.36503684,Good,20,0.259463506
Group1_upper 1_11B_mSU_D4_T1,D4,T1,1,upper,upper 1,NA,0,mSU,11,B,4.5,Group1_upper 1_11B_mSU,71.52317881,Good,19.1,0.497431311
Group1_upper 1_12B_uRB_D4_T1,D4,T1,1,upper,upper 1,NA,1,uRB,12,B,6.9,Group1_upper 1_12B_uRB,45.67474048,Discard,20.4,0.290492364
Group1_upper 1_13B_mRB_D4_T1,D4,T1,1,upper,upper 1,NA,2,mRB,13,B,5.7,Group1_upper 1_13B_mRB,77.22007722,Good,20.6,0.132285315
Group1_upper 1_15B_uRB_D4_T1,D4,T1,1,upper,upper 1,NA,3,uRB,15,B,6.8,Group1_upper 1_15B_uRB,69.73058637,Good,21.3,0.03826294
Group1_upper 1_18B_mSU_D4_T1,D4,T1,1,upper,upper 1,NA,4,mSU,18,B,4.3,Group1_upper 1_18B_mSU,92.5984252,Good,20.7,0.48667095
Group1_upper 1_20B_mRB_D4_T1,D4,T1,1,upper,upper 1,0,5,mRB,20,B,5.3,Group1_upper 1_20B_mRB,83.4605598,Good,21.4,0.236187768
Group1_upper 2_28G_mRB_D4_T1,D4,T1,1,upper,upper 2,NA,0,mRB,28,G,5.5,Group1_upper 2_28G_mRB,100.2108815,Good,23.3,0.103489093
Group1_upper 2_29G_uRB_D4_T1,D4,T1,1,upper,upper 2,NA,1,uRB,29,G,5.7,Group1_upper 2_29G_uRB,48.12286689,Good,20.5,0.06668811
Group1_upper 2_31G_mRB_D4_T1,D4,T1,1,upper,upper 2,NA,2,mRB,31,G,5.9,Group1_upper 2_31G_mRB,70.41564792,Good,24.3,0.228175249
Group1_upper 2_32G_uRB_D4_T1,D4,T1,1,upper,upper 2,NA,3,uRB,32,G,6.4,Group1_upper 2_32G_uRB,67.84810127,Good,24.6,0.034484451
Group1_upper 2_33G_mSU_D4_T1,D4,T1,1,upper,upper 2,NA,4,mSU,33,G,4.6,Group1_upper 2_33G_mSU,86.95652174,Good,21.8,0.250670271
Group1_upper 2_39G_mSU_D4_T1,D4,T1,1,upper,upper 2,4,5,mSU,39,G,5,Group1_upper 2_39G_mSU,54.73984319,Good,23,0.343053346
Group1_upper 3_20G_mSU_D4_T1,D4,T1,1,upper,upper 3,NA,5,mSU,20,G,4.4,Group1_upper 3_20G_mSU,78.85425442,Good,24.7,0.285677821
Group1_upper 3_3G_mRB_D4_T1,D4,T1,1,upper,upper 3,NA,0,mRB,3,G,6,Group1_upper 3_3G_mRB,101.095198,Good,21,0.159207777
Group1_upper 3_46Y_mSU_D4_T1,D4,T1,1,upper,upper 3,4,4,mSU,46,Y,5.6,Group1_upper 3_46Y_mSU,39.89361702,Good,18.6,0.24968292
Group1_upper 3_4G_uRB_D4_T1,D4,T1,1,upper,upper 3,NA,1,uRB,4,G,6.2,Group1_upper 3_4G_uRB,44.59809853,Discard,19.6,0.416104537
Group1_upper 3_6G_mRB_D4_T1,D4,T1,1,upper,upper 3,NA,2,mRB,6,G,5.5,Group1_upper 3_6G_mRB,70.18683997,Good,20.8,0.266064771
Group1_upper 3_7G_uRB_D4_T1,D4,T1,1,upper,upper 3,NA,3,uRB,7,G,6.9,Group1_upper 3_7G_uRB,74.26875795,Good,21.4,0.214164287
Group2_lower 1_1Y_uRB_D4_T1,D4,T1,2,lower,lower 1,NA,3,uRB,1,Y,6.1,Group2_lower 1_1Y_uRB,69.45681211,Good,21.8,0.165434856
Group2_lower 1_49W_mSU_D4_T1,D4,T1,2,lower,lower 1,NA,4,mSU,49,W,5.4,Group2_lower 1_49W_mSU,98.26931195,Good,23.2,0.14222071
Group2_lower 1_50W_mRB_D4_T1,D4,T1,2,lower,lower 1,NA,5,mRB,50,W,6.3,Group2_lower 1_50W_mRB,75.59848803,Good,24.6,0.304814246
Group2_lower 1_5Y_mRB_D4_T1,D4,T1,2,lower,lower 1,3,2,mRB,5,Y,6.1,Group2_lower 1_5Y_mRB,61.80257511,Good,23.7,0.063655189
Group2_lower 1_8Y_mRB_D4_T1,D4,T1,2,lower,lower 1,NA,0,mRB,8,Y,6.7,Group2_lower 1_8Y_mRB,71.56726768,Good,21.2,0.162385677
Group2_lower 1_9Y_mSU_D4_T1,D4,T1,2,lower,lower 1,NA,1,mSU,9,Y,4.4,Group2_lower 1_9Y_mSU,71.40695915,Good,21.9,0.39740872
Group2_lower 2_15W_mSU_D4_T1,D4,T1,2,lower,lower 2,NA,2,mSU,15,W,5.3,Group2_lower 2_15W_mSU,81.05726872,Good,20.4,0.263533914
Group2_lower 2_21W_uRB_D4_T1,D4,T1,2,lower,lower 2,NA,1,uRB,21,W,6,Group2_lower 2_21W_uRB,69.04250751,Good,21.1,0.082084425
Group2_lower 2_23W_mSU_D4_T1,D4,T1,2,lower,lower 2,0,5,mSU,23,W,4.7,Group2_lower 2_23W_mSU,81.52866242,Good,21.7,0.499854172
Group2_lower 2_26W_mSU_D4_T1,D4,T1,2,lower,lower 2,3,0,mSU,26,W,6,Group2_lower 2_26W_mSU,67.53603294,Good,20.3,0.269056197
Group2_lower 2_29W_mSU_D4_T1,D4,T1,2,lower,lower 2,NA,4,mSU,29,W,4.5,Group2_lower 2_29W_mSU,61.88557615,Good,19.1,0.329329361
Group2_lower 2_30W_uRB_D4_T1,D4,T1,2,lower,lower 2,NA,3,uRB,30,W,6.5,Group2_lower 2_30W_uRB,54.52067242,Good,20,0.253947484
Group2_lower 3_16Y_uRB_D4_T1,D4,T1,2,lower,lower 3,NA,2,uRB,16,Y,6.2,Group2_lower 3_16Y_uRB,72.30837395,Good,20.6,0.226704757
Group2_lower 3_35Y_mSU_D4_T1,D4,T1,2,lower,lower 3,0,1,mSU,35,Y,4.9,Group2_lower 3_35Y_mSU,77.38650827,Good,22.4,0.062132979
Group2_lower 3_38Y_mSU_D4_T1,D4,T1,2,lower,lower 3,3,0,mSU,38,Y,5.2,Group2_lower 3_38Y_mSU,58.13148789,Discard,20.4,0.289712608
Group2_upper 1_30B_mSU_D4_T1,D4,T1,2,upper,upper 1,0,0,mSU,30,B,4.8,Group2_upper 1_30B_mSU,68.60772896,Good,17,0.1649573
Group2_upper 1_37B_mSU_D4_T1,D4,T1,2,upper,upper 1,NA,3,mSU,37,B,5.9,Group2_upper 1_37B_mSU,66.37856525,Good,17.4,0.120118562
Group2_upper 1_40B_uRB_D4_T1,D4,T1,2,upper,upper 1,NA,2,uRB,40,B,6.4,Group2_upper 1_40B_uRB,54.64480874,Good,17.3,0.270081428
Group2_upper 1_41B_mRB_D4_T1,D4,T1,2,upper,upper 1,NA,1,mRB,41,B,6.5,Group2_upper 1_41B_mRB,52.48713551,Good,17.1,0.034109702
Group2_upper 1_42B_mSU_D4_T1,D4,T1,2,upper,upper 1,NA,4,mSU,42,B,5.2,Group2_upper 1_42B_mSU,76.92956558,Good,17.4,0.135644344
Group2_upper 1_44B_mRB_D4_T1,D4,T1,2,upper,upper 1,NA,5,mRB,44,B,6.3,Group2_upper 1_44B_mRB,55.29010239,Good,17.8,0.09843461
Group2_upper 2_22G_uRB_D4_T1,D4,T1,2,upper,upper 2,NA,0,uRB,22,G,5.8,Group2_upper 2_22G_uRB,55.00848896,Good,18.5,0.192535832
Group2_upper 2_23G_mSU_D4_T1,D4,T1,2,upper,upper 2,NA,1,mSU,23,G,5.3,Group2_upper 2_23G_mSU,61.04281475,Good,18.7,0.113176766
Group2_upper 2_24G_mRB_D4_T1,D4,T1,2,upper,upper 2,NA,2,mRB,24,G,6.2,Group2_upper 2_24G_mRB,68.6940966,Good,19.1,0.216614135
Group2_upper 2_41G_uRB_D4_T1,D4,T1,2,upper,upper 2,NA,3,uRB,41,G,6,Group2_upper 2_41G_uRB,50.99383139,Good,19,0.146432297
Group2_upper 2_42G_mSU_D4_T1,D4,T1,2,upper,upper 2,NA,4,mSU,42,G,5,Group2_upper 2_42G_mSU,75.09513742,Good,18.6,0.173226286
Group2_upper 2_50G_mSU_D4_T1,D4,T1,2,upper,upper 2,NA,5,mSU,50,G,4.4,Group2_upper 2_50G_mSU,73.00380228,Good,19.1,0.093994241
Group2_upper 3_13G_mRB_D4_T1,D4,T1,2,upper,upper 3,0,0,mRB,13,G,6.5,Group2_upper 3_13G_mRB,76.04562738,Good,22.8,0.139995884
Group2_upper 3_15G_uRB_D4_T1,D4,T1,2,upper,upper 3,1,1,uRB,15,G,6.1,Group2_upper 3_15G_uRB,74.02330363,Good,22.2,0.60047844
Group2_upper 3_17G_uRB_D4_T1,D4,T1,2,upper,upper 3,3,2,uRB,17,G,6,Group2_upper 3_17G_uRB,53.76344086,Good,22.7,0.033185348
Group2_upper 3_21G_mRB_D4_T1,D4,T1,2,upper,upper 3,5,3,mRB,21,G,6.5,Group2_upper 3_21G_mRB,50.14925373,Good,23,0.234389252
Group2_upper 3_48B_mRB_D4_T1,D4,T1,2,upper,upper 3,NA,4,mRB,48,B,5.8,Group2_upper 3_48B_mRB,53.89830508,Good,22.6,0.04954351
Group2_upper 3_50B_uRB_D4_T1,D4,T1,2,upper,upper 3,NA,5,uRB,50,B,5.8,Group2_upper 3_50B_uRB,43.93358876,Good,22.5,0.39768558
Group1_lower 1_31W_mRB_D4_T2,D4,T2,1,lower,lower 1,NA,0,mRB,31,W,7,Group1_lower 1_31W_mRB,80.57798555,Good,27.8,0.095548721
Group1_lower 1_32W_mSU_D4_T2,D4,T2,1,lower,lower 1,NA,1,mSU,32,W,5.3,Group1_lower 1_32W_mSU,50.39370079,Discard,24.3,0.374297477
Group1_lower 1_33W_uRB_D4_T2,D4,T2,1,lower,lower 1,NA,2,uRB,33,W,6,Group1_lower 1_33W_uRB,72.05073996,Good,26.4,0.02483601
Group1_lower 1_34W_mRB_D4_T2,D4,T2,1,lower,lower 1,NA,3,mRB,34,W,5.9,Group1_lower 1_34W_mRB,51.16918845,Good,25.8,0.23379855
Group1_lower 1_35W_mSU_D4_T2,D4,T2,1,lower,lower 1,NA,4,mSU,35,W,4.9,Group1_lower 1_35W_mSU,89.5377129,Good,27,0.175467748
Group1_lower 1_36W_uRB_D4_T2,D4,T2,1,lower,lower 1,NA,5,uRB,36,W,6.5,Group1_lower 1_36W_uRB,69.74358974,Good,24.8,0.054804436
Group1_lower 2_11W_uRB_D4_T2,D4,T2,1,lower,lower 2,NA,2,uRB,11,W,5.4,Group1_lower 2_11W_uRB,60.88794926,Good,23.8,0.121631056
Group1_lower 2_12W_mRB_D4_T2,D4,T2,1,lower,lower 2,2,5,mRB,12,W,6.5,Group1_lower 2_12W_mRB,87.4205845,Good,24.4,0.182952562
Group1_lower 2_13W_mSU_D4_T2,D4,T2,1,lower,lower 2,3,4,mSU,13,W,6.5,Group1_lower 2_13W_mSU,108.5427136,Good,25.1,0.150525287
Group1_lower 2_2W_uRB_D4_T2,D4,T2,1,lower,lower 2,NA,0,uRB,2,W,6.2,Group1_lower 2_2W_uRB,132.9416702,Good,25.9,0.445214862
Group1_lower 2_7W_mSU_D4_T2,D4,T2,1,lower,lower 2,NA,1,mSU,7,W,4.5,Group1_lower 2_7W_mSU,113.2420091,Good,27.4,0.375526281
Group1_lower 2_9W_mRB_D4_T2,D4,T2,1,lower,lower 2,1,3,mRB,9,W,5.9,Group1_lower 2_9W_mRB,107.7747989,Good,26.2,0.06487373
Group1_lower 3_14Y_uRB_D4_T2,D4,T2,1,lower,lower 3,NA,0,uRB,14,Y,6,Group1_lower 3_14Y_uRB,69.50596252,Good,25.6,0.053103496
Group1_lower 3_19Y_mSU_D4_T2,D4,T2,1,lower,lower 3,NA,1,mSU,19,Y,6.2,Group1_lower 3_19Y_mSU,76.83235046,Good,28.2,0.040105533
Group1_lower 3_22Y_mSU_D4_T2,D4,T2,1,lower,lower 3,5,3,mSU,22,Y,4.2,Group1_lower 3_22Y_mSU,122.1708035,Good,31.3,0.091458621
Group1_lower 3_23Y_uRB_D4_T2,D4,T2,1,lower,lower 3,NA,2,uRB,23,Y,6.3,Group1_lower 3_23Y_uRB,49.55752212,Good,24,0.09545543
Group1_lower 3_25Y_mSU_D4_T2,D4,T2,1,lower,lower 3,NA,4,mSU,25,Y,4.3,Group1_lower 3_25Y_mSU,50.58064516,Discard,28,0.357529117
Group1_lower 3_27Y_mRB_D4_T2,D4,T2,1,lower,lower 3,NA,5,mRB,27,Y,5.6,Group1_lower 3_27Y_mRB,58.96551724,Discard,27.3,0.408096511
Group1_upper 1_11B_mSU_D4_T2,D4,T2,1,upper,upper 1,NA,0,mSU,11,B,4.5,Group1_upper 1_11B_mSU,99.74424552,Good,31.7,0.306695866
Group1_upper 1_12B_uRB_D4_T2,D4,T2,1,upper,upper 1,NA,1,uRB,12,B,6.9,Group1_upper 1_12B_uRB,86.69783255,Good,28.9,0.065126817
Group1_upper 1_13B_mRB_D4_T2,D4,T2,1,upper,upper 1,NA,2,mRB,13,B,5.7,Group1_upper 1_13B_mRB,97.79286927,Good,28.1,0.117906929
Group1_upper 1_15B_uRB_D4_T2,D4,T2,1,upper,upper 1,NA,3,uRB,15,B,6.8,Group1_upper 1_15B_uRB,63.13109885,Good,27.8,0.02818059
Group1_upper 1_18B_mSU_D4_T2,D4,T2,1,upper,upper 1,NA,4,mSU,18,B,4.3,Group1_upper 1_18B_mSU,53.54155047,Good,25.9,0.434203281
Group1_upper 1_20B_mRB_D4_T2,D4,T2,1,upper,upper 1,0,5,mRB,20,B,5.3,Group1_upper 1_20B_mRB,94.86963835,Good,23.9,0.139258061
Group1_upper 2_28G_mRB_D4_T2,D4,T2,1,upper,upper 2,NA,0,mRB,28,G,5.5,Group1_upper 2_28G_mRB,60.43737575,Good,25.1,0.310350898
Group1_upper 2_29G_uRB_D4_T2,D4,T2,1,upper,upper 2,NA,1,uRB,29,G,5.7,Group1_upper 2_29G_uRB,73.12738045,Good,29.6,0.07116702
Group1_upper 2_31G_mRB_D4_T2,D4,T2,1,upper,upper 2,NA,2,mRB,31,G,5.9,Group1_upper 2_31G_mRB,80.68085106,Good,22.8,0.148368806
Group1_upper 2_32G_uRB_D4_T2,D4,T2,1,upper,upper 2,NA,3,uRB,32,G,6.4,Group1_upper 2_32G_uRB,67.7212484,Good,27.6,0.033760593
Group1_upper 2_33G_mSU_D4_T2,D4,T2,1,upper,upper 2,NA,4,mSU,33,G,4.6,Group1_upper 2_33G_mSU,52.20301171,Discard,26,0.394120746
Group1_upper 2_39G_mSU_D4_T2,D4,T2,1,upper,upper 2,4,5,mSU,39,G,5,Group1_upper 2_39G_mSU,43.44370861,Discard,26,0.293030604
Group1_upper 3_20G_mSU_D4_T2,D4,T2,1,upper,upper 3,NA,5,mSU,20,G,4.4,Group1_upper 3_20G_mSU,72.83763278,Good,30.9,0.352703975
Group1_upper 3_3G_mRB_D4_T2,D4,T2,1,upper,upper 3,NA,0,mRB,3,G,6,Group1_upper 3_3G_mRB,99.68051118,Good,29.1,0.039234656
Group1_upper 3_46Y_mSU_D4_T2,D4,T2,1,upper,upper 3,4,4,mSU,46,Y,5.6,Group1_upper 3_46Y_mSU,40.18475751,Discard,23.3,0.432290324
Group1_upper 3_4G_uRB_D4_T2,D4,T2,1,upper,upper 3,NA,1,uRB,4,G,6.2,Group1_upper 3_4G_uRB,100.9774756,Good,28.2,0.037824429
Group1_upper 3_6G_mRB_D4_T2,D4,T2,1,upper,upper 3,NA,2,mRB,6,G,5.5,Group1_upper 3_6G_mRB,95.75808484,Good,26.9,0.135604818
Group1_upper 3_7G_uRB_D4_T2,D4,T2,1,upper,upper 3,NA,3,uRB,7,G,6.9,Group1_upper 3_7G_uRB,104.259806,Good,30.6,0.256441606
Group2_lower 1_1Y_uRB_D4_T2,D4,T2,2,lower,lower 1,NA,3,uRB,1,Y,6.1,Group2_lower 1_1Y_uRB,88.84670147,Good,25.2,0.307449374
Group2_lower 1_49W_mSU_D4_T2,D4,T2,2,lower,lower 1,NA,4,mSU,49,W,5.4,Group2_lower 1_49W_mSU,103.0607583,Good,26.9,0.057349143
Group2_lower 1_50W_mRB_D4_T2,D4,T2,2,lower,lower 1,NA,5,mRB,50,W,6.3,Group2_lower 1_50W_mRB,84.4835572,Good,26,0.085378996
Group2_lower 1_5Y_mRB_D4_T2,D4,T2,2,lower,lower 1,3,2,mRB,5,Y,6.1,Group2_lower 1_5Y_mRB,61.98137172,Good,26.8,0.041879297
Group2_lower 1_8Y_mRB_D4_T2,D4,T2,2,lower,lower 1,NA,0,mRB,8,Y,6.7,Group2_lower 1_8Y_mRB,57.80645161,Good,26.7,0.055649573
Group2_lower 1_9Y_mSU_D4_T2,D4,T2,2,lower,lower 1,NA,1,mSU,9,Y,4.4,Group2_lower 1_9Y_mSU,107.0518267,Good,26.9,0.134007885
Group2_lower 2_15W_mSU_D4_T2,D4,T2,2,lower,lower 2,NA,2,mSU,15,W,5.3,Group2_lower 2_15W_mSU,90.01264223,Good,26.6,0.24814951
Group2_lower 2_21W_uRB_D4_T2,D4,T2,2,lower,lower 2,NA,1,uRB,21,W,6,Group2_lower 2_21W_uRB,76.25590382,Good,28.9,0.037818374
Group2_lower 2_23W_mSU_D4_T2,D4,T2,2,lower,lower 2,0,5,mSU,23,W,4.7,Group2_lower 2_23W_mSU,71.98892478,Good,26.1,0.080471554
Group2_lower 2_26W_mSU_D4_T2,D4,T2,2,lower,lower 2,3,0,mSU,26,W,6,Group2_lower 2_26W_mSU,112.4525116,Good,28.6,0.136251172
Group2_lower 2_29W_mSU_D4_T2,D4,T2,2,lower,lower 2,NA,4,mSU,29,W,4.5,Group2_lower 2_29W_mSU,47.39069111,Discard,27.7,0.303577586
Group2_lower 2_30W_uRB_D4_T2,D4,T2,2,lower,lower 2,NA,3,uRB,30,W,6.5,Group2_lower 2_30W_uRB,56.34882607,Good,25.2,0.02242438
Group2_lower 3_16Y_uRB_D4_T2,D4,T2,2,lower,lower 3,NA,2,uRB,16,Y,6.2,Group2_lower 3_16Y_uRB,89.37238494,Good,28.8,0.270498234
Group2_lower 3_35Y_mSU_D4_T2,D4,T2,2,lower,lower 3,0,1,mSU,35,Y,4.9,Group2_lower 3_35Y_mSU,81.99566161,Good,26.3,0.257729708
Group2_lower 3_38Y_mSU_D4_T2,D4,T2,2,lower,lower 3,3,0,mSU,38,Y,5.2,Group2_lower 3_38Y_mSU,55.5984556,Discard,27.1,0.319308404
Group2_upper 1_30B_mSU_D4_T2,D4,T2,2,upper,upper 1,0,0,mSU,30,B,4.8,Group2_upper 1_30B_mSU,108.7704574,Good,33.2,0.092204335
Group2_upper 1_37B_mSU_D4_T2,D4,T2,2,upper,upper 1,NA,3,mSU,37,B,5.9,Group2_upper 1_37B_mSU,38.2300885,Good,30.8,0.446837619
Group2_upper 1_40B_uRB_D4_T2,D4,T2,2,upper,upper 1,NA,2,uRB,40,B,6.4,Group2_upper 1_40B_uRB,80.33898305,Good,32.4,0.082728874
Group2_upper 1_41B_mRB_D4_T2,D4,T2,2,upper,upper 1,NA,1,mRB,41,B,6.5,Group2_upper 1_41B_mRB,80.40712468,Good,29.4,0.070752647
Group2_upper 1_42B_mSU_D4_T2,D4,T2,2,upper,upper 1,NA,4,mSU,42,B,5.2,Group2_upper 1_42B_mSU,119.7802198,Good,27.5,0.325569758
Group2_upper 1_44B_mRB_D4_T2,D4,T2,2,upper,upper 1,NA,5,mRB,44,B,6.3,Group2_upper 1_44B_mRB,83.10249307,Good,33.8,0.040693719
Group2_upper 2_22G_uRB_D4_T2,D4,T2,2,upper,upper 2,NA,0,uRB,22,G,5.8,Group2_upper 2_22G_uRB,60.52631579,Good,28.6,0.27540629
Group2_upper 2_23G_mSU_D4_T2,D4,T2,2,upper,upper 2,NA,1,mSU,23,G,5.3,Group2_upper 2_23G_mSU,37.15170279,Good,25.8,0.208221989
Group2_upper 2_24G_mRB_D4_T2,D4,T2,2,upper,upper 2,NA,2,mRB,24,G,6.2,Group2_upper 2_24G_mRB,42.56951103,Good,29.4,0.315234071
Group2_upper 2_41G_uRB_D4_T2,D4,T2,2,upper,upper 2,NA,3,uRB,41,G,6,Group2_upper 2_41G_uRB,46.19615032,Discard,31.9,0.242650601
Group2_upper 2_42G_mSU_D4_T2,D4,T2,2,upper,upper 2,NA,4,mSU,42,G,5,Group2_upper 2_42G_mSU,42.49767008,Discard,32,0.365692622
Group2_upper 2_50G_mSU_D4_T2,D4,T2,2,upper,upper 2,NA,5,mSU,50,G,4.4,Group2_upper 2_50G_mSU,41.92139738,Good,29.6,0.385487398
Group2_upper 3_13G_mRB_D4_T2,D4,T2,2,upper,upper 3,0,0,mRB,13,G,6.5,Group2_upper 3_13G_mRB,50.62419285,Good,31.6,0.29126005
Group2_upper 3_15G_uRB_D4_T2,D4,T2,2,upper,upper 3,1,1,uRB,15,G,6.1,Group2_upper 3_15G_uRB,50.63291139,Good,31.6,0.376164963
Group2_upper 3_17G_uRB_D4_T2,D4,T2,2,upper,upper 3,3,2,uRB,17,G,6,Group2_upper 3_17G_uRB,84.74576271,Good,31.9,0.050223323
Group2_upper 3_21G_mRB_D4_T2,D4,T2,2,upper,upper 3,5,3,mRB,21,G,6.5,Group2_upper 3_21G_mRB,85.91096833,Good,30.6,0.114821967
Group2_upper 3_48B_mRB_D4_T2,D4,T2,2,upper,upper 3,NA,4,mRB,48,B,5.8,Group2_upper 3_48B_mRB,65.99450046,Good,33.8,0.104826846
Group2_upper 3_50B_uRB_D4_T2,D4,T2,2,upper,upper 3,NA,5,uRB,50,B,5.8,Group2_upper 3_50B_uRB,55.48549811,Good,30.4,0.088861192
